date,sentiment_label,sentiment_score
2019-11-25,Neutral,0.999996542930603
2019-11-26,Neutral,0.9950796127319336
2019-11-27,Positive,0.9999997615814208
2019-12-02,Positive,0.9882576763629913
2019-12-03,Positive,0.9998594522476196
2019-12-04,Negative,0.9958246350288391
2019-12-05,Neutral,0.6681752800941467
2019-12-06,Neutral,0.770974338054657
2019-12-09,Neutral,0.999271810054779
2019-12-10,Neutral,0.9759749174118042
2019-12-11,Positive,0.9999996423721313
2019-12-12,Positive,1.0
2019-12-13,Neutral,0.9998290623937335
2019-12-16,Neutral,0.9994617998600006
2019-12-17,Neutral,0.9745228439569474
2019-12-18,Neutral,0.9401896463500129
2019-12-19,Positive,0.8517812093098959
2019-12-20,Neutral,0.9514514406522115
2019-12-23,Neutral,0.9373840987682343
2019-12-27,Neutral,0.9953448474407196
2019-12-30,Positive,0.9986434280872344
2019-12-31,Neutral,0.9998064637184144
2020-01-02,Neutral,0.9995865225791931
2020-01-03,Positive,0.756426215171814
2020-01-06,Neutral,0.8850691914558411
2020-01-07,Neutral,0.999811202287674
2020-01-08,Neutral,0.9817513078451157
2020-01-09,Negative,0.9999452233314514
2020-01-10,Negative,0.983433187007904
2020-01-13,Positive,0.9993279576301576
2020-01-14,Negative,0.935802087187767
2020-01-15,Neutral,0.9993826548258463
2020-01-16,Neutral,0.999669353167216
2020-01-17,Neutral,0.9805938243865967
2020-01-21,Neutral,0.9920608401298523
2020-01-23,Neutral,0.991958349943161
2020-01-24,Neutral,0.9643015265464783
2020-01-27,Neutral,0.9966843724250792
2020-01-28,Negative,0.9905965328216553
2020-01-29,Positive,0.967281949520111
2020-01-30,Neutral,0.9999854564666748
2020-01-31,Neutral,0.8659391701221466
2020-02-03,Positive,0.6882328391075134
2020-02-04,Neutral,0.976896325747172
2020-02-05,Neutral,0.801819384098053
2020-02-06,Neutral,0.999962329864502
2020-02-07,Negative,0.7001557350158691
2020-02-10,Neutral,0.9651545882225037
2020-02-11,Negative,0.9545150756835937
2020-02-12,Neutral,0.9999509751796722
2020-02-13,Positive,0.988697212934494
2020-02-14,Positive,0.9559180945158005
2020-02-17,Negative,0.999268651008606
2020-02-18,Neutral,0.9969037622213364
2020-02-19,Positive,0.8392433226108551
2020-02-20,Positive,0.9997488260269165
2020-02-21,Positive,0.9999973177909852
2020-02-24,Neutral,0.9395090937614441
2020-02-25,Negative,0.9999865889549255
2020-02-26,Neutral,0.7794032394886017
2020-02-27,Negative,0.9938549101352692
2020-02-28,Negative,0.9231820702552795
2020-03-02,Neutral,0.8686640461285909
2020-03-03,Neutral,0.9863977134227753
2020-03-04,Negative,0.9963952302932739
2020-03-05,Negative,0.8299606144428253
2020-03-06,Neutral,0.9965984225273132
2020-03-09,Neutral,0.9999753832817078
2020-03-10,Negative,0.9992246826489767
2020-03-11,Positive,0.988044261932373
2020-03-12,Positive,0.9678364793459574
2020-03-13,Positive,0.9941230416297911
2020-03-16,Negative,0.9970345497131348
2020-03-17,Neutral,0.9261355757713318
2020-03-18,Positive,0.9166431784629822
2020-03-19,Positive,0.9998114109039307
2020-03-20,Neutral,0.9210845828056335
2020-03-23,Neutral,0.9999829530715942
2020-03-24,Neutral,0.99892258644104
2020-03-25,Negative,0.9729811747868856
2020-03-26,Neutral,0.9987875620524088
2020-03-30,Negative,0.9999505281448364
2020-03-31,Neutral,0.9988339245319366
2020-04-01,Negative,0.9191626310348512
2020-04-02,Positive,0.9983302553494772
2020-04-03,Neutral,0.9999279975891112
2020-04-06,Positive,0.9711787501970927
2020-04-07,Positive,0.9999933242797852
2020-04-08,Positive,0.994699490070343
2020-04-09,Neutral,0.99908709526062
2020-04-13,Negative,0.9962308406829834
2020-04-14,Neutral,0.9886907736460366
2020-04-15,Positive,0.8973151246706644
2020-04-16,Neutral,0.9507546722888947
2020-04-17,Positive,0.9998628099759418
2020-04-20,Neutral,0.5484083890914917
2020-04-21,Positive,0.9789892911911011
2020-04-22,Neutral,0.9999797344207764
2020-04-23,Negative,0.9632106423377991
2020-04-24,Neutral,0.9987320005893707
2020-04-27,Positive,0.8375844160715739
2020-04-29,Positive,0.9999997218449911
2020-04-30,Negative,0.9728218913078308
2020-05-04,Positive,0.9999833106994629
2020-05-06,Positive,0.9999074637889862
2020-05-08,Negative,0.9810758233070374
2020-05-11,Positive,0.9850694090127945
2020-05-12,Negative,0.8918329477310181
2020-05-13,Neutral,0.9998207092285156
2020-05-14,Neutral,0.9315816576664264
2020-05-15,Neutral,0.9991999665896097
2020-05-18,Positive,0.854546308517456
2020-05-20,Neutral,0.9880459705988566
2020-05-21,Positive,0.9852001070976257
2020-05-22,Neutral,0.9890835583209991
2020-05-26,Neutral,0.963028758764267
2020-05-27,Positive,0.9396922707557678
2020-05-28,Positive,0.9999983310699464
2020-05-29,Positive,0.8245668808619181
2020-05-31,Neutral,0.9999914169311525
2020-06-01,Neutral,0.9879114925861359
2020-06-02,Positive,0.6847016215324402
2020-06-03,Positive,0.9800574660301209
2020-06-04,Neutral,0.9907721877098083
2020-06-05,Neutral,0.9999990463256836
2020-06-08,Positive,1.0
2020-06-09,Negative,0.9972412586212158
2020-06-10,Positive,0.9900041023890177
2020-06-11,Positive,0.7815825641155243
2020-06-12,Positive,0.9999432563781738
2020-06-15,Neutral,0.996387263139089
2020-06-16,Positive,0.964407354593277
2020-06-17,Negative,0.9247904539108276
2020-06-18,Positive,0.800007184346517
2020-06-19,Neutral,0.9547461867332458
2020-06-22,Negative,0.91392434494836
2020-06-23,Neutral,0.9826473742723465
2020-06-24,Positive,0.8366916179656982
2020-06-25,Neutral,0.9992825388908386
2020-06-26,Neutral,0.9522196054458618
2020-06-29,Neutral,0.9997453093528748
2020-06-30,Positive,0.999991774559021
2020-07-01,Neutral,0.8369434674580892
2020-07-02,Positive,0.9301849007606506
2020-07-06,Neutral,0.8038168946901957
2020-07-07,Neutral,0.9999760389328004
2020-07-08,Neutral,0.8240921050310135
2020-07-09,Negative,0.9999980926513672
2020-07-10,Positive,0.9366903901100159
2020-07-13,Neutral,0.9831029772758484
2020-07-14,Negative,0.8533681631088257
2020-07-16,Negative,0.9795134365558624
2020-07-20,Neutral,0.999909778436025
2020-07-21,Positive,0.9994152983029684
2020-07-22,Positive,0.9837315877278646
2020-07-23,Positive,0.9963058084249496
2020-07-24,Negative,0.9991101920604706
2020-07-27,Neutral,0.9675392309824625
2020-07-28,Negative,0.9999622106552124
2020-07-29,Neutral,0.8857774287462234
2020-07-30,Neutral,0.9939391811688741
2020-07-31,Neutral,0.929227888584137
2020-08-03,Positive,0.9914422035217285
2020-08-04,Positive,0.9743636250495911
2020-08-05,Neutral,0.9820732921361923
2020-08-06,Neutral,0.9990750551223756
2020-08-07,Positive,0.9991337954998016
2020-08-10,Positive,0.9999961853027344
2020-08-11,Neutral,0.9951903621355692
2020-08-12,Positive,0.999954104423523
2020-08-13,Positive,0.9434018560818264
2020-08-14,Positive,0.9821303486824036
2020-08-17,Neutral,0.9997092882792155
2020-08-18,Neutral,0.9948267787694931
2020-08-19,Neutral,0.9734055325388908
2020-08-20,Neutral,0.9999756018320719
2020-08-21,Neutral,0.9628341794013977
2020-08-24,Negative,0.9592007547616959
2020-08-25,Positive,0.979616641998291
2020-08-26,Negative,0.9716167251269022
2020-08-27,Negative,0.9635735154151917
2020-08-28,Positive,0.9151791930198669
2020-08-29,Neutral,0.9999969005584716
2020-08-31,Neutral,0.9998721877733866
2020-09-01,Positive,0.9999071359634399
2020-09-02,Negative,0.8218790292739868
2020-09-03,Positive,0.9843278725941976
2020-09-04,Neutral,0.9988409876823424
2020-09-08,Neutral,0.9979762633641561
2020-09-09,Neutral,0.9968461692333221
2020-09-10,Neutral,0.8941605687141418
2020-09-11,Neutral,0.7486740231513977
2020-09-14,Positive,0.9960661994086372
2020-09-15,Neutral,0.9982944130897522
2020-09-16,Neutral,0.9590310156345367
2020-09-17,Positive,0.9905656576156616
2020-09-21,Neutral,0.9993659172739301
2020-09-22,Negative,0.9993504881858826
2020-09-23,Positive,0.9115983446439108
2020-09-24,Positive,0.9996225635210673
2020-09-25,Positive,0.9999675750732422
2020-09-28,Positive,0.9999942779541016
2020-09-29,Neutral,0.9996007084846495
2020-09-30,Positive,0.9327344000339508
2020-10-01,Neutral,0.9975695411364237
2020-10-02,Neutral,0.887668251991272
2020-10-05,Neutral,0.9653942916128371
2020-10-06,Neutral,0.8497788508733114
2020-10-07,Neutral,0.9991072614987692
2020-10-08,Neutral,0.8442559738953909
2020-10-09,Positive,0.8701544776558876
2020-10-12,Positive,0.9999977946281433
2020-10-13,Negative,0.9950236082077026
2020-10-14,Positive,0.9999418258666992
2020-10-15,Positive,0.8893179297447205
2020-10-16,Negative,0.9960217177867888
2020-10-19,Neutral,0.9994522929191589
2020-10-20,Positive,0.9447502692540487
2020-10-21,Negative,0.9566147128740946
2020-10-22,Neutral,0.7939721345901489
2020-10-23,Negative,0.8746193051338196
2020-10-26,Neutral,0.9962067206700643
2020-10-27,Negative,0.8410741090774536
2020-10-28,Neutral,0.9753273030122122
2020-10-29,Positive,0.9807627081871033
2020-11-03,Neutral,0.9999288320541382
2020-11-04,Neutral,0.9723349809646606
2020-11-05,Neutral,0.999411255121231
2020-11-06,Positive,0.9933076103528341
2020-11-09,Neutral,0.9999788522720336
2020-11-10,Neutral,0.9966925084590912
2020-11-11,Neutral,0.999863624572754
2020-11-12,Neutral,0.8057961761951447
2020-11-13,Negative,0.8820812404155731
2020-11-15,Neutral,0.999933123588562
2020-11-16,Neutral,0.9105075597763062
2020-11-17,Neutral,0.9994150847196579
2020-11-18,Positive,0.999763184123569
2020-11-19,Neutral,0.9985926151275635
2020-11-21,Positive,0.999997615814209
2020-11-23,Neutral,0.9999567270278932
2020-11-24,Positive,0.9093048274517059
2020-11-25,Neutral,0.9893548488616944
2020-11-30,Positive,0.9807366530100504
2020-12-01,Neutral,0.997278243303299
2020-12-02,Positive,0.9484200676282247
2020-12-03,Positive,0.8076295852661133
2020-12-04,Positive,0.9999812841415404
2020-12-07,Neutral,0.9701315561930338
2020-12-08,Neutral,0.846367359161377
2020-12-09,Neutral,0.9999895095825195
2020-12-10,Neutral,0.9990083575248718
2020-12-11,Negative,0.9896528323491415
2020-12-14,Neutral,0.9920686930418015
2020-12-15,Neutral,0.9330969452857971
2020-12-17,Neutral,0.978530615568161
2020-12-18,Negative,0.7397175133228302
2020-12-19,Positive,0.9999996423721312
2020-12-21,Negative,0.9999167919158936
2020-12-22,Neutral,0.9954210221767426
2020-12-23,Positive,0.9644635319709778
2020-12-28,Neutral,0.8942940711975098
2020-12-29,Neutral,0.9991495211919149
2020-12-30,Neutral,0.8615936040878296
2020-12-31,Neutral,0.9999467134475708
2021-01-01,Positive,0.999979853630066
2021-01-02,Positive,1.0
2021-01-03,Positive,0.999997854232788
2021-01-04,Positive,0.992634892463684
2021-01-05,Neutral,0.9972874224185944
2021-01-06,Neutral,0.9945528358221054
2021-01-07,Neutral,0.9983710646629333
2021-01-08,Positive,0.9799345135688782
2021-01-09,Neutral,0.9991671741008759
2021-01-11,Neutral,0.9971843510866165
2021-01-12,Positive,0.8697230219841003
2021-01-13,Neutral,0.9997241298357645
2021-01-14,Neutral,0.9999815225601196
2021-01-15,Positive,0.9047495126724243
2021-01-18,Negative,0.9567724764347076
2021-01-19,Positive,0.9998668432235718
2021-01-20,Neutral,0.9995096921920776
2021-01-21,Positive,0.9899130463600159
2021-01-22,Positive,0.7911516278982162
2021-01-24,Neutral,0.9999410510063171
2021-01-25,Positive,0.9843743443489076
2021-01-26,Neutral,0.988451212644577
2021-01-28,Negative,0.8476914763450623
2021-01-29,Neutral,0.996216893196106
2021-01-31,Neutral,0.996207594871521
2021-02-03,Neutral,0.948125496506691
2021-02-04,Positive,0.9901480078697203
2021-02-08,Neutral,0.8631622195243835
2021-02-09,Positive,0.9999837875366212
2021-02-11,Neutral,0.7829338610172272
2021-02-12,Neutral,0.9997365921735764
2021-02-14,Neutral,0.9999933242797852
2021-02-15,Positive,1.0
2021-02-16,Negative,0.9999482035636902
2021-02-17,Neutral,0.996625026067098
2021-02-18,Neutral,0.980647087097168
2021-02-19,Neutral,0.984184205532074
2021-02-22,Neutral,0.6957895010709763
2021-02-23,Neutral,0.9986752072970072
2021-02-24,Neutral,0.896986436843872
2021-02-25,Neutral,0.9474042852719625
2021-02-26,Positive,0.9932514230410258
2021-02-28,Neutral,0.7067924737930298
2021-03-01,Neutral,0.9998843371868134
2021-03-02,Neutral,0.9808624982833862
2021-03-03,Neutral,0.6523351967334747
2021-03-08,Negative,0.9999943375587463
2021-03-09,Neutral,0.8081515580415726
2021-03-10,Positive,0.9998684128125509
2021-03-11,Negative,0.9883216420809428
2021-03-12,Positive,0.9999672770500184
2021-03-15,Neutral,0.987537682056427
2021-03-16,Neutral,0.9652967154979706
2021-03-18,Positive,0.9999996423721312
2021-03-23,Neutral,0.999415934085846
2021-03-24,Negative,0.99978905916214
2021-03-25,Neutral,0.8088927268981934
2021-03-26,Neutral,0.9992446899414062
2021-03-29,Negative,0.9999615550041199
2021-03-30,Positive,1.0
2021-04-01,Negative,0.9999587535858154
2021-04-06,Negative,0.998412311077118
2021-04-07,Neutral,0.9990997314453124
2021-04-09,Neutral,0.9810890754063925
2021-04-12,Neutral,0.8657541464675557
2021-04-13,Neutral,0.8768683522939682
2021-04-14,Positive,0.8039939999580383
2021-04-15,Neutral,0.887374480565389
2021-04-16,Positive,0.9999998807907104
2021-04-19,Negative,0.9114893674850464
2021-04-20,Neutral,0.9847124665975571
2021-04-21,Neutral,0.9572997391223907
2021-04-22,Neutral,0.9901259541511536
2021-04-23,Neutral,0.9203954935073853
2021-04-26,Neutral,0.9999610185623168
2021-04-27,Neutral,0.9999140699704488
2021-04-28,Neutral,0.8244025558233261
2021-04-29,Neutral,0.9996851682662964
2021-04-30,Positive,0.778464749455452
2021-05-03,Neutral,0.9424191117286682
2021-05-05,Neutral,0.8777412623167038
2021-05-06,Neutral,0.6618403196334839
2021-05-07,Neutral,0.9999207258224487
2021-05-10,Positive,0.999990701675415
2021-05-11,Neutral,0.7525904178619385
2021-05-12,Neutral,0.9944275617599487
2021-05-14,Neutral,0.9998721281687418
2021-05-17,Positive,0.9215912342071533
2021-05-18,Negative,0.9995791018009186
2021-05-19,Positive,0.9983929991722108
2021-05-20,Positive,0.9992721676826477
2021-05-21,Neutral,0.9862499088048935
2021-05-24,Neutral,0.9054999947547913
2021-05-25,Neutral,0.9977294504642487
2021-05-26,Positive,0.9601072498730251
2021-05-27,Neutral,0.9356639981269836
2021-05-28,Neutral,0.8330674767494202
2021-05-29,Neutral,0.99994957447052
2021-06-01,Neutral,0.9613625526428222
2021-06-02,Positive,1.0
2021-06-03,Neutral,0.9824825376272202
2021-06-04,Neutral,0.9943882972002029
2021-06-07,Neutral,0.9986910223960876
2021-06-08,Neutral,0.9999723434448242
2021-06-09,Neutral,0.9967846870422363
2021-06-11,Neutral,0.9964476078748703
2021-06-12,Neutral,0.9999840259552002
2021-06-13,Neutral,0.9999837875366212
2021-06-14,Neutral,0.8425405820210775
2021-06-15,Positive,0.9999884366989136
2021-06-17,Neutral,0.9158161282539368
2021-06-18,Neutral,0.9953877925872803
2021-06-21,Negative,0.8403556287288666
2021-06-22,Neutral,0.9880611002445221
2021-06-23,Positive,0.9326992829640707
2021-06-24,Neutral,0.8861870865027109
2021-06-25,Neutral,0.999980628490448
2021-06-28,Positive,0.9965925614039103
2021-06-29,Neutral,0.9997757077217102
2021-06-30,Neutral,0.9917046874761581
2021-07-01,Positive,0.9079444656769434
2021-07-02,Neutral,0.9991939425468445
2021-07-04,Positive,0.999996542930603
2021-07-06,Positive,0.9816790478570121
2021-07-07,Neutral,0.9863736748695373
2021-07-08,Positive,0.999995231628418
2021-07-09,Neutral,0.9361380636692047
2021-07-12,Neutral,0.9999994039535522
2021-07-14,Neutral,0.931931027344295
2021-07-15,Negative,0.9585585296154022
2021-07-16,Neutral,0.996290365854899
2021-07-19,Neutral,0.9042812983194987
2021-07-20,Positive,0.9698803084237235
2021-07-21,Neutral,0.7694922089576721
2021-07-22,Neutral,0.9645030736923218
2021-07-23,Positive,0.9796367138624191
2021-07-25,Neutral,0.9999942779541016
2021-07-26,Positive,0.9610567092895508
2021-07-27,Neutral,0.9992076456546783
2021-07-28,Neutral,0.9999899864196776
2021-07-29,Neutral,0.9253018200397491
2021-07-30,Negative,0.9357687830924988
2021-08-02,Neutral,0.9999703168869019
2021-08-03,Neutral,0.9801484197378159
2021-08-04,Neutral,0.9982948899269104
2021-08-05,Negative,0.8092613518238068
2021-08-06,Neutral,0.9043752700090409
2021-08-09,Neutral,0.9998429417610168
2021-08-10,Neutral,0.9148268103599548
2021-08-11,Positive,0.9999053239822387
2021-08-12,Positive,0.9999997615814208
2021-08-13,Neutral,0.9998836815357208
2021-08-16,Neutral,0.9653125643730164
2021-08-17,Neutral,0.9969295263290405
2021-08-18,Neutral,0.9972237518855503
2021-08-19,Neutral,0.957292480128152
2021-08-20,Neutral,0.9856721460819244
2021-08-23,Neutral,0.9815362691879272
2021-08-24,Neutral,0.858782970905304
2021-08-25,Neutral,0.982842743396759
2021-08-26,Positive,0.99999737739563
2021-08-27,Neutral,0.9983412325382233
2021-08-30,Neutral,0.9151884317398071
2021-08-31,Negative,0.8448990285396576
2021-09-01,Neutral,0.9886806011199951
2021-09-02,Positive,0.9985460937023162
2021-09-03,Positive,0.9892414212226868
2021-09-06,Neutral,0.9338675141334534
2021-09-07,Neutral,0.999409407377243
2021-09-08,Neutral,0.9524838924407959
2021-09-09,Neutral,0.9999947547912598
2021-09-10,Neutral,0.8810709476470947
2021-09-13,Neutral,0.9604657590389252
2021-09-14,Neutral,0.9531073570251465
2021-09-15,Negative,0.9282934069633484
2021-09-16,Neutral,0.97628253698349
2021-09-17,Neutral,0.9122296571731567
2021-09-18,Neutral,0.999196469783783
2021-09-20,Negative,0.9844042956829071
2021-09-21,Neutral,0.9998304694890976
2021-09-22,Neutral,0.9999929666519165
2021-09-23,Neutral,0.8366883198420206
2021-09-24,Neutral,0.9769772291183472
2021-09-25,Neutral,0.7051874399185181
2021-09-27,Positive,0.9260176618893942
2021-09-28,Neutral,0.9958064130374363
2021-09-29,Positive,0.9333209792772929
2021-09-30,Neutral,0.9332349300384521
2021-10-01,Negative,0.9333752691745758
2021-10-04,Negative,0.9901794989903768
2021-10-05,Neutral,0.9975510463118553
2021-10-06,Neutral,0.9975818395614624
2021-10-07,Neutral,0.9981136322021484
2021-10-08,Neutral,0.9845636288324991
2021-10-13,Neutral,0.9955416321754456
2021-10-14,Positive,0.9902772903442383
2021-10-15,Positive,0.8968682289123535
2021-10-16,Positive,1.0
2021-10-18,Neutral,0.9977301359176636
2021-10-20,Positive,0.7351135015487671
2021-10-21,Neutral,0.9516173228621483
2021-10-26,Neutral,0.9810759663581848
2021-10-27,Neutral,0.954108476638794
2021-10-28,Neutral,0.999137669801712
2021-10-29,Neutral,0.999998927116394
2021-11-01,Positive,0.9999947547912598
2021-11-02,Neutral,0.9999996423721312
2021-11-03,Neutral,0.9980116486549377
2021-11-04,Neutral,0.8969060778617859
2021-11-05,Neutral,0.8229032556215922
2021-11-06,Positive,0.99999737739563
2021-11-07,Neutral,0.9999936819076538
2021-11-08,Neutral,0.9999982118606567
2021-11-09,Neutral,0.9420680962502956
2021-11-10,Positive,0.9372133711973826
2021-11-11,Neutral,0.9996632486581802
2021-11-12,Neutral,0.880262815952301
2021-11-14,Neutral,0.9999862909317015
2021-11-15,Neutral,0.9109231034914652
2021-11-16,Neutral,0.9993807673454285
2021-11-17,Neutral,0.9898003588120142
2021-11-18,Neutral,0.9949506958325703
2021-11-19,Negative,0.9516605734825134
2021-11-20,Negative,0.9466551244258881
2021-11-21,Neutral,0.8268371224403381
2021-11-22,Neutral,0.8956608687128339
2021-11-23,Neutral,0.9971632659435272
2021-11-24,Neutral,0.8934282263120016
2021-11-26,Positive,0.7264330685138702
2021-11-27,Neutral,0.9999817609786988
2021-11-29,Neutral,0.9999551177024841
2021-11-30,Neutral,0.8897392392158509
2021-12-01,Neutral,0.9986923336982728
2021-12-02,Negative,0.9367627203464508
2021-12-03,Neutral,0.9232169449329376
2021-12-05,Neutral,0.5048638582229614
2021-12-06,Neutral,0.9959518432617187
2021-12-07,Neutral,0.9999417066574097
2021-12-08,Neutral,0.9999096095561981
2021-12-09,Neutral,0.9775822758674622
2021-12-10,Positive,0.9739732245604197
2021-12-11,Negative,0.9799982011318207
2021-12-13,Neutral,0.9979625940322876
2021-12-14,Neutral,0.9990725070238113
2021-12-15,Neutral,0.6153571009635925
2021-12-16,Neutral,0.7463645935058594
2021-12-17,Positive,0.8767964541912079
2021-12-20,Negative,0.9621892174084982
2021-12-21,Neutral,0.9449437260627747
2021-12-22,Neutral,0.991529107093811
2021-12-23,Positive,0.9999990463256836
2021-12-25,Neutral,0.9987481236457825
2021-12-27,Positive,0.9999734163284302
2021-12-28,Neutral,0.8383137732744217
2021-12-29,Neutral,0.9993328750133516
2021-12-30,Neutral,0.9929112195968628
2022-01-01,Neutral,0.6729083061218262
2022-01-02,Neutral,0.999996542930603
2022-01-03,Positive,0.9986093895775932
2022-01-04,Positive,0.9616116682688395
2022-01-05,Neutral,0.9990513920783997
2022-01-06,Negative,0.9014572620391845
2022-01-07,Negative,0.9734728634357452
2022-01-08,Positive,0.999981164932251
2022-01-10,Neutral,0.99990447362264
2022-01-11,Positive,0.9999591708183289
2022-01-12,Neutral,0.999947488307953
2022-01-13,Neutral,0.9569935003916422
2022-01-14,Neutral,0.9872875511646271
2022-01-15,Positive,0.9915726184844972
2022-01-17,Positive,0.861395388841629
2022-01-18,Negative,0.9996008078257245
2022-01-19,Neutral,0.8772176325321197
2022-01-20,Positive,0.996806800365448
2022-01-21,Positive,0.9912627458572387
2022-01-24,Negative,0.9111235499382019
2022-01-25,Positive,0.9467086791992188
2022-01-26,Negative,0.9063845674196879
2022-01-27,Positive,0.9984775900840759
2022-01-28,Neutral,0.9999949932098388
2022-01-29,Neutral,0.9999964237213136
2022-01-31,Neutral,0.9992237091064454
2022-02-01,Neutral,0.864303449789683
2022-02-02,Positive,0.9783914685249329
2022-02-03,Positive,0.9799883216619492
2022-02-04,Negative,0.9479503830273946
2022-02-05,Neutral,0.9999797344207764
2022-02-06,Neutral,0.9999947547912598
2022-02-07,Positive,0.9998780488967896
2022-02-08,Neutral,0.9863071739673615
2022-02-09,Positive,0.8602756559848785
2022-02-11,Neutral,0.9563760757446289
2022-02-14,Neutral,0.9426816701889038
2022-02-15,Neutral,0.9532590640915765
2022-02-16,Neutral,0.9949528702667781
2022-02-17,Negative,0.9509941786527634
2022-02-18,Positive,0.957953616976738
2022-02-21,Neutral,0.9897514283657074
2022-02-22,Neutral,0.9955977439880371
2022-02-23,Neutral,0.9877322167158127
2022-02-24,Neutral,0.9057654539744059
2022-02-25,Negative,0.9586608529090881
2022-02-28,Neutral,0.9802201787630717
2022-03-01,Neutral,0.9434427171945572
2022-03-02,Neutral,0.9965803027153016
2022-03-03,Negative,0.9999760389328003
2022-03-04,Positive,0.9999637603759766
2022-03-05,Positive,0.9999997615814208
2022-03-07,Neutral,0.9938257336616516
2022-03-08,Neutral,0.9996621608734132
2022-03-10,Positive,0.871683398882548
2022-03-11,Neutral,0.9426457484563192
2022-03-14,Negative,0.9999990463256836
2022-03-15,Positive,0.8887840708096822
2022-03-16,Neutral,0.9163311918576559
2022-03-17,Positive,0.8790744543075562
2022-03-18,Positive,0.9753352701663972
2022-03-19,Neutral,0.9999278783798218
2022-03-21,Neutral,0.9992178281148275
2022-03-22,Neutral,0.8914050845538869
2022-03-23,Neutral,0.9546415309111277
2022-03-24,Neutral,0.976466178894043
2022-03-25,Neutral,0.9131429195404053
2022-03-27,Neutral,0.9999879598617554
2022-03-28,Positive,0.999978264172872
2022-03-29,Positive,0.8666320528302874
2022-03-30,Neutral,0.9974465668201447
2022-03-31,Positive,0.9977033138275146
2022-04-01,Neutral,0.9313428501288096
2022-04-02,Neutral,0.8533973693847656
2022-04-03,Neutral,0.999327540397644
2022-04-04,Positive,0.8404791206121445
2022-04-05,Neutral,0.9299985965092977
2022-04-06,Neutral,0.9987915356953939
2022-04-07,Neutral,0.9993313997983932
2022-04-08,Neutral,0.8844771186510721
2022-04-10,Neutral,0.6198118925094604
2022-04-11,Negative,0.9504474080525912
2022-04-12,Neutral,0.996726373831431
2022-04-13,Positive,0.8778608590364456
2022-04-14,Negative,0.9985233743985494
2022-04-18,Positive,0.9153018742799759
2022-04-19,Neutral,0.9068502386411031
2022-04-20,Neutral,0.9132513284683228
2022-04-21,Neutral,0.9697317034006119
2022-04-22,Neutral,0.8995497584342956
2022-04-25,Negative,0.9888524115085602
2022-04-26,Positive,0.9685049255688986
2022-04-27,Positive,0.8500872055689493
2022-04-29,Positive,0.9994870126247406
2022-05-01,Neutral,0.9714630544185638
2022-05-02,Neutral,0.9733700752258301
2022-05-03,Neutral,0.9999002814292908
2022-05-04,Positive,0.9225613474845886
2022-05-06,Neutral,0.9988694489002228
2022-05-07,Positive,0.8046991229057312
2022-05-09,Neutral,0.999972403049469
2022-05-10,Positive,0.9994595646858216
2022-05-11,Neutral,0.910182257493337
2022-05-12,Neutral,0.9148450195789337
2022-05-13,Neutral,0.9994997978210449
2022-05-14,Neutral,0.9916254580020905
2022-05-15,Negative,0.9999873638153076
2022-05-17,Neutral,0.9046812176704406
2022-05-18,Neutral,0.9956513047218324
2022-05-19,Neutral,0.9837946395079294
2022-05-20,Neutral,0.9993392825126648
2022-05-23,Positive,0.9823909004529318
2022-05-24,Positive,0.9605974214417594
2022-05-25,Positive,0.9852873866374676
2022-05-26,Neutral,0.9933784820816733
2022-05-27,Neutral,0.9957301169633865
2022-05-28,Negative,0.7991127371788025
2022-05-29,Positive,0.9999983310699464
2022-05-30,Positive,0.9999982515970866
2022-05-31,Neutral,0.9736445307731628
2022-06-01,Positive,1.0
2022-06-02,Positive,0.9996513525644938
2022-06-03,Positive,0.9987921416759491
2022-06-04,Neutral,0.9826593995094299
2022-06-06,Neutral,0.9969388842582703
2022-06-07,Neutral,0.9814460873603821
2022-06-08,Neutral,0.876515249411265
2022-06-09,Neutral,0.9490763247013092
2022-06-10,Positive,0.9958003362019857
2022-06-11,Positive,0.9999966621398926
2022-06-13,Neutral,0.8727715492248536
2022-06-14,Neutral,0.9915811419487
2022-06-15,Positive,0.9949828088283539
2022-06-16,Neutral,0.9980815052986145
2022-06-19,Neutral,0.992027461528778
2022-06-21,Positive,0.9971544146537781
2022-06-22,Neutral,0.9998612701892853
2022-06-23,Neutral,0.9839560091495514
2022-06-24,Neutral,0.9999202489852904
2022-06-25,Negative,0.9285683333873749
2022-06-27,Neutral,0.6698578000068665
2022-06-28,Positive,0.9170373678207397
2022-06-29,Negative,0.9814274112383524
2022-06-30,Neutral,0.8613232672214508
2022-07-01,Neutral,0.9501426617304484
2022-07-02,Positive,0.9641038775444032
2022-07-05,Negative,0.9225028455257416
2022-07-07,Positive,0.998004138469696
2022-07-08,Positive,0.9980119466781616
2022-07-09,Neutral,0.8236210346221924
2022-07-11,Negative,0.9632119735081991
2022-07-12,Neutral,0.9318746447563171
2022-07-13,Positive,0.9999924898147584
2022-07-14,Neutral,0.8270661383867264
2022-07-15,Positive,0.9999333818753561
2022-07-17,Positive,0.99999737739563
2022-07-18,Neutral,0.9779661744832993
2022-07-19,Positive,0.9998340010643005
2022-07-22,Positive,0.892915815114975
2022-07-24,Neutral,0.999761164188385
2022-07-25,Negative,0.8978198766708374
2022-07-26,Neutral,0.9990425705909728
2022-07-27,Positive,0.9985535740852356
2022-07-28,Positive,0.9986520409584047
2022-07-29,Positive,0.9993481040000916
2022-07-31,Positive,0.9833864569664
2022-08-01,Neutral,0.9977820515632629
2022-08-02,Negative,0.9919018348058065
2022-08-03,Positive,0.9700145423412323
2022-08-04,Neutral,0.9902819693088531
2022-08-05,Negative,0.9999990463256836
2022-08-06,Negative,0.9988844990730286
2022-08-07,Positive,0.961922287940979
2022-08-08,Negative,0.9160997867584229
2022-08-09,Negative,0.978489472585566
2022-08-10,Negative,0.9495117962360382
2022-08-13,Neutral,0.9969748556613922
2022-08-15,Neutral,0.999927282333374
2022-08-16,Negative,0.9956241846084595
2022-08-17,Negative,0.9743773818016053
2022-08-18,Positive,0.9698163072268168
2022-08-19,Negative,0.9351272821426392
2022-08-20,Negative,0.9997849762439728
2022-08-22,Positive,0.9372884273529053
2022-08-23,Neutral,0.9219070225954056
2022-08-24,Negative,0.9729716430107752
2022-08-25,Neutral,0.9814777001738548
2022-08-26,Negative,0.8839593132336935
2022-08-27,Negative,0.9999590516090392
2022-08-28,Positive,1.0
2022-08-29,Negative,0.9932106614112854
2022-08-30,Positive,0.9989774376153946
2022-08-31,Negative,0.513941764831543
2022-09-01,Negative,0.9387746495859963
2022-09-02,Negative,0.9882113536198934
2022-09-03,Neutral,0.9988564252853394
2022-09-05,Neutral,0.8877057234446207
2022-09-06,Neutral,0.9968521893024445
2022-09-07,Neutral,0.9998869180679322
2022-09-08,Negative,0.7527253925800323
2022-09-09,Neutral,0.973102331161499
2022-09-10,Neutral,0.9997156262397766
2022-09-11,Neutral,0.755679577589035
2022-09-13,Positive,0.7621481269598007
2022-09-14,Positive,0.99883633852005
2022-09-15,Neutral,0.9983699917793274
2022-09-16,Neutral,0.848938524723053
2022-09-17,Positive,1.0
2022-09-18,Positive,0.9999995827674866
2022-09-19,Negative,0.9805376291275024
2022-09-20,Neutral,0.9446561975138528
2022-09-21,Positive,0.9820339441299438
2022-09-22,Neutral,0.8698372393846512
2022-09-23,Negative,0.9636079470316569
2022-09-24,Neutral,0.9894250631332396
2022-09-26,Positive,0.9999492168426514
2022-09-27,Neutral,0.9985891580581665
2022-09-28,Positive,0.4804239273071289
2022-09-29,Positive,0.9995070497194926
2022-09-30,Neutral,0.9992335319519043
2022-10-03,Positive,0.907464325428009
2022-10-04,Neutral,0.9710389035088676
2022-10-05,Positive,0.9197628796100616
2022-10-06,Neutral,0.9961917499701182
2022-10-07,Negative,0.9535158191408429
2022-10-08,Neutral,0.9193554520606995
2022-10-10,Neutral,0.8974951386451722
2022-10-11,Negative,0.980433315038681
2022-10-12,Neutral,0.9674021204312643
2022-10-13,Neutral,0.8939501643180847
2022-10-14,Neutral,0.863888680934906
2022-10-16,Positive,0.9760507941246032
2022-10-17,Positive,0.9998781681060792
2022-10-18,Neutral,0.9974418779214224
2022-10-19,Neutral,0.9223168373107911
2022-10-20,Neutral,0.9943441152572632
2022-10-21,Neutral,0.9438134431838989
2022-10-22,Positive,0.9861214756965636
2022-10-24,Neutral,0.7605384886264801
2022-10-25,Positive,0.9995163083076477
2022-10-26,Negative,0.9877025485038757
2022-10-27,Positive,0.9999672174453735
2022-10-28,Positive,0.9999990463256836
2022-10-29,Positive,0.9962210655212402
2022-10-31,Positive,0.9655783325433731
2022-11-01,Neutral,0.9992560744285583
2022-11-02,Neutral,0.9991888801256815
2022-11-03,Neutral,0.9918340146541595
2022-11-04,Negative,0.829400360584259
2022-11-05,Neutral,0.9999161958694458
2022-11-08,Positive,0.9495606025060018
2022-11-09,Negative,0.9999855756759644
2022-11-10,Neutral,0.9576687216758728
2022-11-11,Neutral,0.9051630616188049
2022-11-12,Neutral,0.9905381202697754
2022-11-14,Neutral,0.9971857752118793
2022-11-15,Neutral,0.9928517738978068
2022-11-16,Negative,0.9866270273923874
2022-11-17,Neutral,0.9326550997793674
2022-11-18,Neutral,0.8465498924255371
2022-11-21,Neutral,0.9962816536426544
2022-11-23,Neutral,0.9999799728393556
2022-11-25,Negative,0.97437584400177
2022-11-27,Negative,0.999952793121338
2022-11-29,Positive,0.9998032450675964
2022-12-03,Negative,0.3473089337348938
2022-12-05,Neutral,0.9991427063941956
2022-12-06,Neutral,0.9999816417694092
2022-12-07,Negative,0.996758500734965
2022-12-08,Positive,0.8752120137214661
2022-12-09,Neutral,0.8781614104906718
2022-12-10,Neutral,0.999346911907196
2022-12-11,Positive,0.9999470710754396
2022-12-13,Neutral,0.9736716349919637
2022-12-14,Negative,0.9305694699287416
2022-12-15,Negative,0.9182666689157486
2022-12-16,Neutral,0.9915552139282227
2022-12-19,Positive,1.0
2022-12-20,Neutral,0.9982192317644755
2022-12-21,Neutral,0.9994657635688782
2022-12-22,Negative,0.9807116270065308
2022-12-23,Positive,0.999657154083252
2022-12-27,Negative,0.9996258318424225
2022-12-28,Positive,0.843013197183609
2022-12-29,Positive,0.9823263138532639
2022-12-30,Neutral,0.9664561152458192
2022-12-31,Neutral,0.8829749971628189
2023-01-02,Neutral,0.8629610538482666
2023-01-03,Neutral,0.9987815916538239
2023-01-04,Positive,0.9993016464369637
2023-01-05,Neutral,0.9999940991401672
2023-01-07,Neutral,0.9999642372131348
2023-01-09,Neutral,0.9978437168257577
2023-01-10,Neutral,0.9991045445203781
2023-01-11,Positive,0.8807562589645386
2023-01-12,Negative,0.9695865114529928
2023-01-13,Negative,0.5683311223983765
2023-01-16,Positive,0.9973377585411072
2023-01-17,Neutral,0.978723704814911
2023-01-18,Neutral,0.9999985694885254
2023-01-19,Neutral,0.9995353817939758
2023-01-20,Negative,0.9012744128704071
2023-01-23,Positive,0.9990848779678345
2023-01-24,Neutral,0.9993309676647186
2023-01-25,Negative,0.999984622001648
2023-01-26,Negative,0.9986679077148437
2023-01-27,Negative,0.994080576631758
2023-01-28,Neutral,0.7588813900947571
2023-01-29,Positive,0.999738872051239
2023-01-30,Neutral,0.8946523070335388
2023-01-31,Neutral,0.9998350739479066
2023-02-01,Negative,0.9846783876419067
2023-02-02,Positive,0.9757577081521353
2023-02-03,Neutral,0.8776578903198242
2023-02-05,Negative,0.9998812675476074
2023-02-06,Neutral,0.9978435933589935
2023-02-07,Positive,0.9216582008770534
2023-02-08,Negative,0.9983442723751068
2023-02-09,Neutral,0.7850130200386047
2023-02-10,Neutral,0.9999428987503052
2023-02-11,Positive,0.9991507530212402
2023-02-12,Neutral,0.8835319876670837
2023-02-13,Positive,0.8952544530232748
2023-02-14,Neutral,0.9938504033618503
2023-02-15,Negative,0.9985026717185974
2023-02-16,Neutral,0.9193882271647453
2023-02-17,Neutral,0.9852775633335114
2023-02-18,Neutral,0.8991396427154541
2023-02-19,Neutral,0.8185216188430786
2023-02-20,Positive,1.0
2023-02-21,Neutral,0.979891802583422
2023-02-22,Negative,0.9965107170018283
2023-02-23,Positive,0.9363798807407248
2023-02-24,Negative,0.9707223623991013
2023-02-25,Neutral,0.9053889513015747
2023-02-26,Positive,1.0
2023-02-27,Neutral,0.9432352781295776
2023-02-28,Neutral,0.9998928606510162
2023-03-01,Neutral,0.9166786193847656
2023-03-02,Neutral,0.9526269002394243
2023-03-06,Neutral,0.927091658115387
2023-03-07,Positive,0.9331346352895101
2023-03-08,Neutral,0.9107334911823273
2023-03-09,Neutral,0.999994695186615
2023-03-10,Positive,0.9896754026412964
2023-03-13,Neutral,0.9550928115844727
2023-03-14,Neutral,0.9656854271888733
2023-03-15,Neutral,0.8182479639848074
2023-03-16,Neutral,0.9541076123714447
2023-03-17,Neutral,0.9192086100578308
2023-03-18,Positive,0.9998931090037028
2023-03-19,Neutral,0.9849164485931396
2023-03-20,Neutral,0.9698615329606193
2023-03-21,Neutral,0.8683711687723795
2023-03-22,Positive,0.9730468707926133
2023-03-23,Neutral,0.9278097067560468
2023-03-24,Neutral,0.8896279732386271
2023-03-25,Positive,0.9999234080314636
2023-03-26,Positive,0.7198476791381836
2023-03-27,Neutral,0.9998929500579834
2023-03-28,Positive,0.9996484369039536
2023-03-29,Neutral,0.8948762640357018
2023-03-30,Positive,0.9955540180206299
2023-03-31,Neutral,0.9459010004997254
2023-04-01,Neutral,0.9988333582878113
2023-04-02,Positive,0.9953239957491556
2023-04-03,Negative,0.9914598166942596
2023-04-04,Neutral,0.9956282496452331
2023-04-05,Positive,0.9897711038589477
2023-04-06,Negative,0.9980349540710449
2023-04-07,Positive,0.9939194023609161
2023-04-10,Neutral,0.9589370744568961
2023-04-11,Neutral,0.9194911122322083
2023-04-12,Neutral,0.9347088734308878
2023-04-13,Neutral,0.9009166955947876
2023-04-14,Positive,0.9998728632926941
2023-04-16,Positive,0.8483778834342957
2023-04-17,Positive,0.9738583394459316
2023-04-18,Positive,0.9570563298005325
2023-04-19,Positive,0.9627760989325387
2023-04-20,Positive,0.9576852023601532
2023-04-21,Positive,0.9997971143041339
2023-04-24,Neutral,0.8498294684622023
2023-04-25,Neutral,0.889762452670506
2023-04-26,Negative,0.9289393067359925
2023-04-27,Positive,0.8916594584782919
2023-04-28,Neutral,0.9746983528137207
2023-04-29,Neutral,0.9988245368003844
2023-04-30,Positive,0.9999981721242269
2023-05-01,Neutral,0.8918464779853821
2023-05-02,Positive,0.880444347858429
2023-05-03,Neutral,0.9906451304753622
2023-05-04,Positive,0.9874102473258972
2023-05-05,Neutral,0.835608184337616
2023-05-06,Negative,0.9994017481803894
2023-05-07,Positive,1.0
2023-05-08,Negative,0.898158746957779
2023-05-09,Neutral,0.947356104850769
2023-05-10,Neutral,0.9779193003972372
2023-05-11,Neutral,0.9720246493816376
2023-05-12,Neutral,0.9773568312327067
2023-05-13,Neutral,0.9995571970939636
2023-05-14,Neutral,0.9259753823280334
2023-05-15,Positive,0.9968286255995432
2023-05-16,Neutral,0.9581597521901131
2023-05-17,Neutral,0.8809374123811722
2023-05-18,Neutral,0.9931515534718831
2023-05-19,Neutral,0.9548147651884291
2023-05-21,Positive,0.9761418700218201
2023-05-22,Neutral,0.9525240388783541
2023-05-23,Neutral,0.990297757089138
2023-05-24,Neutral,0.9810429699718952
2023-05-25,Neutral,0.9617130718332656
2023-05-26,Neutral,0.984021748815264
2023-05-27,Positive,0.929862767457962
2023-05-28,Negative,0.5017662644386292
2023-05-29,Neutral,0.9713985174894333
2023-05-30,Neutral,0.9305836086471876
2023-05-31,Positive,0.9504387378692627
2023-06-01,Neutral,0.9848828528608594
2023-06-02,Neutral,0.9304893943998549
2023-06-03,Neutral,0.9980824887752533
2023-06-04,Negative,0.9914808720350266
2023-06-05,Neutral,0.9840462037495205
2023-06-06,Neutral,0.9540930527907151
2023-06-07,Neutral,0.9794283397495747
2023-06-08,Neutral,0.9025954306125641
2023-06-09,Positive,0.9460753798484802
2023-06-10,Positive,0.9681879878044128
2023-06-11,Negative,0.9302412271499634
2023-06-12,Positive,0.9813544948895773
2023-06-13,Neutral,0.9858287374178568
2023-06-14,Neutral,0.9783746004104614
2023-06-15,Negative,0.9660969376564026
2023-06-16,Neutral,0.9892093949019909
2023-06-17,Neutral,0.9631990194320679
2023-06-18,Neutral,0.98935204744339
2023-06-19,Positive,0.9841486811637878
2023-06-20,Neutral,0.9558289430358193
2023-06-21,Neutral,0.9465871800978979
2023-06-22,Neutral,0.9752932826677958
2023-06-23,Neutral,0.9692259539257396
2023-06-24,Neutral,0.9996508955955505
2023-06-25,Neutral,0.9512525200843812
2023-06-26,Neutral,0.9059847071766853
2023-06-27,Neutral,0.9008613479764838
2023-06-28,Neutral,0.9617571771144867
2023-06-29,Neutral,0.9333927258849144
2023-06-30,Neutral,0.9392534057299297
2023-07-01,Positive,1.0
2023-07-02,Positive,0.9946810901165009
2023-07-03,Neutral,0.9971860817500523
2023-07-04,Positive,0.9757302403450012
2023-07-05,Neutral,0.9934912059042189
2023-07-06,Negative,0.776048195362091
2023-07-07,Neutral,0.9719110216413226
2023-07-08,Neutral,0.9996086955070496
2023-07-10,Neutral,0.9332367127591913
2023-07-11,Neutral,0.9866109532969338
2023-07-12,Neutral,0.9549256960550944
2023-07-13,Neutral,0.9486859951700483
2023-07-14,Neutral,0.928249640898271
2023-07-15,Negative,0.8519573211669922
2023-07-16,Neutral,0.9977857172489166
2023-07-17,Neutral,0.9425517486201392
2023-07-18,Neutral,0.9590386152267456
2023-07-19,Neutral,0.9254971779882908
2023-07-20,Neutral,0.9569292932748794
2023-07-21,Neutral,0.9268475430352348
2023-07-22,Positive,0.9999992847442628
2023-07-23,Positive,0.9999998807907104
2023-07-24,Negative,0.945460730128818
2023-07-25,Neutral,0.951621664421899
2023-07-26,Neutral,0.9161369025707244
2023-07-27,Neutral,0.9204663104481168
2023-07-28,Neutral,0.9580759644508362
2023-07-29,Neutral,0.9998655319213868
2023-07-30,Positive,0.9393212646245956
2023-07-31,Neutral,0.9296908030907313
2023-08-01,Positive,0.9885396692487929
2023-08-02,Negative,0.9406181194565513
2023-08-03,Positive,0.9530084282159805
2023-08-04,Neutral,0.9298034906387329
2023-08-05,Neutral,0.9898034930229186
2023-08-06,Neutral,0.9876194894313812
2023-08-07,Neutral,0.9800605848431588
2023-08-08,Neutral,0.9028029062531211
2023-08-09,Positive,0.9537091493606568
2023-08-10,Neutral,0.9277237405379614
2023-08-11,Neutral,0.9937408268451691
2023-08-12,Neutral,0.99996018409729
2023-08-13,Positive,0.8899898529052734
2023-08-14,Neutral,0.9861578345298767
2023-08-15,Neutral,0.9724388457834721
2023-08-16,Neutral,0.9410895884037018
2023-08-17,Neutral,0.9596975229003213
2023-08-18,Neutral,0.9440036167701086
2023-08-19,Negative,0.991167277097702
2023-08-20,Neutral,0.9574121435483297
2023-08-21,Neutral,0.9583587681545931
2023-08-22,Neutral,0.957859300431751
2023-08-23,Neutral,0.9527658467943018
2023-08-24,Neutral,0.9643055937506936
2023-08-25,Neutral,0.9875448116889367
2023-08-26,Positive,0.9326103210449219
2023-08-27,Neutral,0.9970470666885376
2023-08-28,Neutral,0.9463585652410984
2023-08-29,Negative,0.9078092064176287
2023-08-30,Neutral,0.9859444946050644
2023-08-31,Neutral,0.9186782381113838
2023-09-01,Neutral,0.9506797989209493
2023-09-03,Neutral,0.9831542670726776
2023-09-04,Neutral,0.9356878161430359
2023-09-05,Neutral,0.9649768254973672
2023-09-06,Neutral,0.9931040917124067
2023-09-07,Neutral,0.9516847978035609
2023-09-08,Neutral,0.9448685135160174
2023-09-10,Neutral,0.8614670932292938
2023-09-11,Positive,0.9887780100107193
2023-09-12,Positive,0.9484086665842268
2023-09-13,Positive,0.9317618409792582
2023-09-14,Neutral,0.9673921167850494
2023-09-15,Neutral,0.8985361278057098
2023-09-16,Positive,0.9170278509457906
2023-09-18,Positive,0.8952054679393768
2023-09-19,Neutral,0.959819326033959
2023-09-20,Neutral,0.8756844997406006
2023-09-21,Neutral,0.9526376550396284
2023-09-22,Neutral,0.9951290828841073
2023-09-23,Neutral,0.9994878768920898
2023-09-24,Positive,0.9999599456787108
2023-09-25,Positive,0.9133982913834708
2023-09-26,Neutral,0.9731477126479149
2023-09-27,Neutral,0.9170973673462868
2023-09-28,Positive,0.9263139267762502
2023-09-29,Neutral,0.9460717524800982
2023-09-30,Positive,0.9707236289978027
2023-10-01,Positive,0.8633564313252767
2023-10-02,Neutral,0.9895371993382772
2023-10-03,Neutral,0.9341290593147278
2023-10-04,Neutral,0.9817562818527221
2023-10-05,Neutral,0.9803926294500177
2023-10-06,Positive,0.9517266949017843
2023-10-07,Positive,0.9999991655349731
2023-10-08,Neutral,0.9999951720237732
2023-10-09,Positive,0.9311913119422065
2023-10-10,Neutral,0.9947744607925415
2023-10-11,Positive,0.9986675143241882
2023-10-12,Neutral,0.9503595679998398
2023-10-13,Neutral,0.9900394558906556
2023-10-14,Positive,0.9998169541358948
2023-10-15,Positive,0.856621116399765
2023-10-16,Neutral,0.8340770304203033
2023-10-17,Neutral,0.8911276906728745
2023-10-18,Neutral,0.9684523173740932
2023-10-19,Neutral,0.878817754132407
2023-10-20,Neutral,0.9513041853904725
2023-10-21,Neutral,0.9139505426088969
2023-10-22,Neutral,0.690304160118103
2023-10-23,Neutral,0.9257776538530985
2023-10-24,Neutral,0.9421691511358533
2023-10-25,Negative,0.9959511756896973
2023-10-26,Negative,0.9618841012318929
2023-10-27,Neutral,0.9752050638198853
2023-10-28,Neutral,0.9999924898147584
2023-10-29,Positive,0.9745591282844543
2023-10-30,Positive,0.9964136216375563
2023-10-31,Neutral,0.9518376248223441
2023-11-01,Neutral,0.9694779564936956
2023-11-02,Neutral,0.998605857292811
2023-11-03,Positive,0.9567625164985657
2023-11-06,Neutral,0.9981716632843017
2023-11-07,Neutral,0.972950645855495
2023-11-08,Neutral,0.9123116599188911
2023-11-09,Positive,0.9484913349151611
2023-11-10,Positive,0.9930703739325205
2023-11-11,Neutral,0.9942939082781473
2023-11-13,Neutral,0.9860267142454783
2023-11-14,Neutral,0.972739511414578
2023-11-15,Neutral,0.9490688368678093
2023-11-16,Neutral,0.9470969298306633
2023-11-17,Neutral,0.901729957262675
2023-11-18,Neutral,0.9923094511032104
2023-11-19,Neutral,0.9955522179603576
2023-11-20,Positive,0.9554222464561463
2023-11-21,Positive,0.8956764127526965
2023-11-22,Positive,0.9624458052016593
2023-11-23,Positive,0.9736069738864899
2023-11-24,Neutral,0.9121621012687683
2023-11-25,Neutral,0.997938334941864
2023-11-26,Positive,0.9047314822673798
2023-11-27,Positive,0.9524816274642944
2023-11-28,Neutral,0.9507834414641062
2023-11-29,Positive,0.9875293288912091
2023-11-30,Neutral,0.9272013794292103
2023-12-01,Positive,0.9034745693206787
2023-12-04,Neutral,0.9735239297151566
2023-12-05,Neutral,0.9813408056894938
2023-12-06,Neutral,0.9783783157666525
2023-12-07,Neutral,0.8984950482845306
2023-12-08,Neutral,0.9872001657883326
2023-12-09,Negative,0.8713771402835846
2023-12-10,Neutral,0.999671459197998
2023-12-11,Neutral,0.9375980123877525
2023-12-12,Positive,0.9341671988368034
2023-12-13,Positive,0.9980210065841675
2023-12-14,Neutral,0.9359034299850464
2023-12-15,Positive,0.9296757777531942
2023-12-16,Neutral,0.999997317790985
2023-12-17,Neutral,0.8752902746200562
2023-12-18,Positive,0.9742566810713874
2023-12-19,Positive,0.9624964952468872
2023-12-20,Neutral,0.9958617761731148
2023-12-21,Neutral,0.9658233573039373
2023-12-22,Neutral,0.9971956387162209
2023-12-23,Positive,0.9975733160972596
2023-12-24,Neutral,0.9997532169024149
2023-12-25,Neutral,0.9932259321212769
2023-12-26,Neutral,0.9960327982902527
2023-12-27,Neutral,0.9163160622119904
2023-12-28,Neutral,0.9971255898475647
2023-12-29,Neutral,0.9867293323789325
2023-12-30,Neutral,0.8976857860883077
2023-12-31,Neutral,0.7223451435565948
2024-01-01,Positive,0.9512650626046317
2024-01-02,Neutral,0.9497011303901672
2024-01-03,Neutral,0.9641671043175918
2024-01-04,Positive,0.9929799816825173
2024-01-05,Neutral,0.9734045808965509
2024-01-06,Neutral,0.9204991161823273
2024-01-07,Neutral,0.9999347925186156
2024-01-08,Positive,0.9434596049158197
2024-01-09,Positive,0.9447870254516602
2024-01-10,Neutral,0.9616073303752475
2024-01-11,Neutral,0.8884406313300133
2024-01-12,Neutral,0.9606572985649109
2024-01-13,Positive,0.9996115565299988
2024-01-14,Positive,0.9523932635784149
2024-01-15,Neutral,0.9662624465094672
2024-01-16,Neutral,0.9386090561747551
2024-01-17,Positive,0.9012077252070109
2024-01-18,Positive,0.9678599346767772
2024-01-19,Positive,0.999936655163765
2024-01-20,Neutral,0.9806277751922607
2024-01-21,Neutral,0.8837924659252167
2024-01-22,Positive,0.9596693624149669
2024-01-23,Positive,0.9220867125611556
2024-01-24,Positive,0.9852510157384371
2024-01-25,Neutral,0.9059179110659493
2024-01-26,Positive,0.9507989883422852
2024-01-27,Neutral,0.9827361901601156
2024-01-28,Negative,0.967698872089386
2024-01-29,Neutral,0.9406365879944393
2024-01-30,Positive,0.9576636186012855
2024-01-31,Neutral,0.9532424747943878
2024-02-01,Neutral,0.9271853963534037
2024-02-02,Positive,0.943214975297451
2024-02-03,Neutral,0.9994703233242035
2024-02-04,Positive,0.9999526341756185
2024-02-05,Neutral,0.9297711115617019
2024-02-06,Neutral,0.9577995340029398
2024-02-07,Positive,0.9801514556533412
2024-02-08,Positive,0.9251740144358741
2024-02-09,Neutral,0.8678077831864357
2024-02-10,Positive,0.8301071524620056
2024-02-11,Neutral,0.9910914301872253
2024-02-12,Positive,0.9555569040147882
2024-02-13,Neutral,0.9248388409614563
2024-02-14,Neutral,0.9292370796203613
2024-02-15,Neutral,0.8950991241828256
2024-02-16,Neutral,0.9264824170815317
2024-02-17,Neutral,0.6822603642940521
2024-02-18,Neutral,0.9199978560209274
2024-02-19,Positive,0.9241766259074211
2024-02-20,Neutral,0.9910473734140396
2024-02-21,Neutral,0.9748273063451052
2024-02-22,Positive,0.9583451488325673
2024-02-23,Neutral,0.9858764920915876
2024-02-24,Neutral,0.9868461688359579
2024-02-25,Neutral,0.993523359298706
2024-02-26,Neutral,0.9739174355160106
2024-02-27,Neutral,0.9670481964161521
2024-02-28,Neutral,0.9615689761498395
2024-02-29,Positive,0.912812227010727
2024-03-01,Neutral,0.9829789068963792
2024-03-03,Negative,0.9574500322341919
2024-03-04,Positive,0.9515679572757921
2024-03-05,Neutral,0.9374438686804338
2024-03-06,Neutral,0.9182553981479845
2024-03-07,Neutral,0.9216232222059498
2024-03-08,Neutral,0.9185899913311004
2024-03-09,Neutral,0.9977171182632446
2024-03-10,Neutral,0.9969153702259064
2024-03-11,Positive,0.8947272251049677
2024-03-12,Neutral,0.9398085637526079
2024-03-13,Positive,0.9204678113261858
2024-03-14,Neutral,0.9729445911943913
2024-03-15,Neutral,0.9750353410130456
2024-03-16,Neutral,0.7645884156227112
2024-03-17,Neutral,0.9669674634933472
2024-03-18,Neutral,0.9039575703766035
2024-03-19,Neutral,0.961991799729211
2024-03-20,Neutral,0.9494901558627253
2024-03-21,Neutral,0.9589694458991289
2024-03-22,Positive,0.9661756298121285
2024-03-23,Neutral,0.9925647675991058
2024-03-24,Neutral,0.9975177901131767
2024-03-25,Positive,0.9522562121090136
2024-03-26,Positive,0.9460585282908546
2024-03-27,Positive,0.9285791610416613
2024-03-28,Positive,0.9278049679363475
2024-03-29,Positive,0.9568999290466309
2024-03-30,Neutral,0.9405073523521423
2024-03-31,Neutral,0.9973665952682496
2024-04-01,Positive,0.925100925564766
2024-04-02,Positive,0.9295648978306696
2024-04-03,Positive,0.9888510525226593
2024-04-04,Neutral,0.9448563489649031
2024-04-05,Positive,0.9946201394001642
2024-04-06,Positive,0.9441453337669372
2024-04-07,Negative,0.9858499765396118
2024-04-08,Positive,0.974252765828913
2024-04-09,Positive,0.9341271917025248
2024-04-10,Neutral,0.9469070609878091
2024-04-11,Neutral,0.9441322594881058
2024-04-12,Negative,0.9513672524028354
2024-04-13,Positive,0.9963145107030869
2024-04-14,Neutral,0.9999942779541016
2024-04-15,Positive,0.9839124764714923
2024-04-16,Neutral,0.9339733177965338
2024-04-17,Neutral,0.967753641307354
2024-04-18,Positive,0.9923259814580282
2024-04-19,Positive,0.9046550638535443
2024-04-20,Negative,0.9984643161296844
2024-04-21,Positive,0.6645902991294861
2024-04-22,Positive,0.9827412746169351
2024-04-23,Neutral,0.9335146861917832
2024-04-24,Positive,0.9465620875358581
2024-04-25,Neutral,0.9362315125763416
2024-04-26,Neutral,0.9585343897342682
2024-04-27,Neutral,0.7624884992837906
2024-04-29,Neutral,0.9450654433323786
2024-04-30,Positive,0.9346019625663757
2024-05-01,Neutral,0.9383176251461631
2024-05-02,Positive,0.9062522053718567
2024-05-03,Neutral,0.9340626427105495
2024-05-04,Negative,0.864264965057373
2024-05-05,Neutral,0.9999403953552246
2024-05-06,Neutral,0.9694996042685076
2024-05-07,Neutral,0.9348229169845581
2024-05-08,Positive,0.9533678418711612
2024-05-09,Neutral,0.9763563183637766
2024-05-10,Positive,0.9704658508300781
2024-05-11,Neutral,0.9816339313983917
2024-05-12,Neutral,0.9753444910049438
2024-05-13,Neutral,0.9335961222648621
2024-05-14,Neutral,0.9770657890721371
2024-05-15,Positive,0.99715846209299
2024-05-16,Neutral,0.9596037699116601
2024-05-17,Positive,0.9826443857616849
2024-05-18,Positive,0.998184343179067
2024-05-19,Neutral,0.9997251232465109
2024-05-20,Positive,0.9842887133359909
2024-05-21,Neutral,0.9492145840610776
2024-05-22,Neutral,0.9814373403787613
2024-05-23,Positive,0.9718599290144249
2024-05-24,Positive,0.9626422574122747
2024-05-25,Neutral,0.9988735318183899
2024-05-26,Neutral,0.9420015573501587
2024-05-27,Neutral,0.9937757452329
2024-05-28,Neutral,0.9108595200206923
2024-05-29,Neutral,0.9067601431971011
2024-05-30,Neutral,0.9584975242614746
2024-05-31,Neutral,0.9037046465608809
2024-06-01,Neutral,0.9882245063781738
2024-06-02,Neutral,0.9057123552669178
2024-06-03,Positive,0.9504889141429554
2024-06-04,Neutral,0.9783298000693321
2024-06-05,Positive,0.9286627311791692
2024-06-06,Neutral,0.9637005505738435
2024-06-07,Neutral,0.9745679020881652
2024-06-08,Positive,0.9856455475091934
2024-06-09,Positive,0.9966469208399454
2024-06-10,Neutral,0.9732456528223478
2024-06-11,Neutral,0.9769761241399325
2024-06-12,Neutral,0.9428418619292123
2024-06-13,Neutral,0.9287067675590515
2024-06-14,Positive,0.9678841829299927
2024-06-15,Neutral,0.9970406144857407
2024-06-16,Neutral,0.9204319715499878
2024-06-17,Neutral,0.9817294041315715
2024-06-18,Neutral,0.9413303967033114
2024-06-19,Positive,0.9513446390628815
2024-06-20,Neutral,0.9442838315040835
2024-06-21,Positive,0.9354252699882754
2024-06-22,Positive,0.8304508328437805
2024-06-23,Positive,0.9346524278322855
2024-06-24,Neutral,0.9776253576936393
2024-06-25,Positive,0.9174746743270329
2024-06-26,Neutral,0.9299268609768635
2024-06-27,Positive,0.9750889341036478
2024-06-28,Neutral,0.9208677160112482
2024-06-29,Negative,0.9591580430666605
2024-06-30,Positive,0.9312173823515574
2024-07-01,Positive,0.9516514241695404
2024-07-02,Positive,0.9492116203674903
2024-07-03,Neutral,0.9524047562950536
2024-07-04,Positive,0.9928299784660339
2024-07-05,Neutral,0.97579752940398
2024-07-06,Neutral,0.9696060220400492
2024-07-07,Negative,0.9794117212295532
2024-07-08,Positive,0.9583551494971566
2024-07-09,Positive,0.8993522971868515
2024-07-10,Positive,0.9660088444749514
2024-07-11,Positive,0.9554194450378418
2024-07-12,Positive,0.9252409776051839
2024-07-13,Neutral,0.8812949955463409
2024-07-14,Neutral,0.9950283765792847
2024-07-15,Neutral,0.9606085601060287
2024-07-16,Neutral,0.9471637143029107
2024-07-17,Neutral,0.9386759377442874
2024-07-18,Neutral,0.9293222352862358
2024-07-19,Neutral,0.9412243882815043
2024-07-20,Neutral,0.9753777980804443
2024-07-21,Neutral,0.929459512233734
2024-07-22,Neutral,0.9360684752464294
2024-07-23,Neutral,0.9342250307401021
2024-07-24,Positive,0.9006788808366527
2024-07-25,Positive,0.954777921239535
2024-07-26,Positive,0.9154209239142281
2024-07-27,Neutral,0.9359186490376791
2024-07-28,Positive,0.7818515077233315
2024-07-29,Neutral,0.9827582091093063
2024-07-30,Neutral,0.990017253618974
2024-07-31,Neutral,0.9643224020799
2024-08-01,Neutral,0.9992504000663758
2024-08-02,Neutral,0.9813081175088882
2024-08-03,Positive,0.7779726386070251
2024-08-04,Negative,0.9331205487251282
2024-08-05,Neutral,0.9948594655309405
2024-08-06,Positive,0.903262197971344
2024-08-07,Neutral,0.9867943865912301
2024-08-08,Neutral,0.9962949951489767
2024-08-09,Positive,0.9835984621729169
2024-08-10,Neutral,0.8642855882644653
2024-08-11,Positive,0.9999959468841552
2024-08-12,Positive,0.913997837475368
2024-08-13,Positive,0.9997480392456055
2024-08-14,Positive,0.9259351074695588
2024-08-15,Positive,0.9631541702482436
2024-08-16,Neutral,0.9780956308046976
2024-08-17,Neutral,0.9935936331748962
2024-08-18,Positive,1.0
2024-08-19,Neutral,0.997490406036377
2024-08-20,Positive,0.8357242345809937
2024-08-21,Neutral,0.9906168580055236
2024-08-22,Positive,0.9999005198478699
2024-08-23,Neutral,0.9992569386959076
2024-08-25,Neutral,0.999991536140442
2024-08-26,Neutral,0.9985351165135702
2024-08-27,Neutral,0.9324290326663426
2024-08-28,Neutral,0.996636876934453
2024-08-29,Positive,0.9855618562017169
2024-08-30,Neutral,0.9162933111190796
2024-08-31,Neutral,0.9960843622684479
2024-09-01,Negative,0.9998397827148438
2024-09-02,Positive,1.0
2024-09-03,Negative,0.9848666667938233
2024-09-04,Negative,0.8675443728764852
2024-09-05,Positive,0.9442538917064667
2024-09-06,Negative,0.8848275393247604
2024-09-08,Positive,0.9999998807907104
2024-09-09,Negative,0.8731992642084757
2024-09-10,Positive,0.9999663829803468
2024-09-11,Neutral,0.9999964237213136
2024-09-13,Neutral,0.9993229707082113
2024-09-16,Positive,0.9999984502792358
2024-09-17,Neutral,0.9992520809173584
2024-09-18,Positive,0.9452762802441915
2024-09-19,Neutral,0.9786550998687744
2024-09-24,Positive,0.5229483842849731
2024-09-25,Neutral,0.9999940991401672
2024-09-26,Positive,0.9969785362482071
2024-09-27,Positive,0.8508257269859314
2024-09-29,Negative,0.7588381171226501
2024-09-30,Neutral,0.7427607178688049
2024-10-01,Neutral,0.8032212555408478
2024-10-02,Neutral,0.7991424202919006
2024-10-03,Neutral,0.9993582963943481
2024-10-04,Neutral,0.9890069365501404
2024-10-06,Positive,0.999891996383667
2024-10-07,Neutral,0.9955197274684906
2024-10-08,Positive,0.9950825572013855
2024-10-09,Positive,0.999851793050766
2024-10-10,Neutral,0.9648872762918472
2024-10-11,Neutral,0.9969605505466461
2024-10-14,Positive,0.9999916553497314
2024-10-15,Negative,0.9997878432273865
2024-10-16,Positive,0.999981701374054
2024-10-17,Neutral,0.9996020317077636
2024-10-18,Positive,1.0
2024-10-19,Positive,0.9999982118606568
2024-10-20,Negative,0.9999982118606568
2024-10-21,Neutral,0.9940812438726425
2024-10-22,Neutral,0.9998473972082138
2024-10-23,Positive,0.9945517480373383
2024-10-24,Positive,0.9270449082056681
2024-10-25,Neutral,0.9967939853668213
2024-10-28,Neutral,0.8993974924087524
2024-10-29,Neutral,0.96781075745821
2024-10-30,Neutral,0.9997473444257464
2024-10-31,Positive,0.9895622491836548
2024-11-01,Neutral,0.999693363904953
2024-11-02,Neutral,0.9989746809005736
2024-11-04,Neutral,0.9995885491371155
2024-11-05,Neutral,0.9919892152150472
2024-11-06,Positive,0.9982912465929985
2024-11-07,Neutral,0.9860538442929586
2024-11-08,Neutral,0.999914050102234
2024-11-11,Positive,0.9261502090253328
2024-11-12,Neutral,0.9703710632664817
2024-11-13,Positive,0.9923201733165317
2024-11-14,Positive,0.9941185944610171
2024-11-15,Neutral,0.9982149402300516
2024-11-17,Neutral,0.974905788898468
2024-11-18,Neutral,0.8997724833695785
2024-11-19,Neutral,0.9980369210243225
2024-11-20,Neutral,0.963015716522932
2024-11-21,Positive,0.953382993839225
2024-11-22,Neutral,0.908323222398758
2024-11-23,Positive,0.6851169069608053
2024-11-24,Neutral,0.867463231086731
2024-11-25,Neutral,0.9879568616549174
2024-11-26,Positive,0.9998177091280619
2024-11-27,Neutral,0.9998548775911331
2024-11-28,Neutral,0.999292492866516
2024-11-29,Neutral,0.9998870094617208
2024-12-01,Neutral,0.8911575675010681
2024-12-02,Neutral,0.9999429285526276
2024-12-03,Positive,0.9335230141878128
2024-12-04,Neutral,0.8647081136703492
2024-12-05,Neutral,0.9552312910556793
2024-12-06,Neutral,0.9709127396345139
2024-12-09,Neutral,0.9964192435145378
2024-12-10,Negative,0.9477672457695008
2024-12-11,Neutral,0.9979870766401291
2024-12-12,Neutral,0.9998644292354584
2024-12-13,Neutral,0.9866779744625092
2024-12-15,Positive,1.0
2024-12-16,Neutral,0.9644086261590322
2024-12-17,Neutral,0.9768791000048319
2024-12-18,Neutral,0.990650304726192
